x;name;pclass;sex;age;survived;SexCode
1;Allen, Miss. Elisabeth Walton;1;female;29;1;1
2;Allison, Master. Hudson Trevor;1;male;0.92;1;0
3;Allison, Miss. Helen Loraine;1;female;2;0;1
4;Allison, Mr. Hudson Joshua Creighton;1;male;30;0;0
5;Allison, Mrs. Hudson J C (Bessie Waldo Daniels);1;female;25;0;1
6;Anderson, Mr. Harry;1;male;48;1;0
7;Andrews, Miss. Kornelia Theodosia;1;female;63;1;1
8;Andrews, Mr. Thomas Jr;1;male;39;0;0
9;Appleton, Mrs. Edward Dale (Charlotte Lamson);1;female;53;1;1
10;Artagaveytia, Mr. Ramon;1;male;71;0;0
11;Astor, Col. John Jacob;1;male;47;0;0
12;Astor, Mrs. John Jacob (Madeleine Talmadge Force);1;female;18;1;1
13;Aubart, Mme. Leontine Pauline;1;female;24;1;1
14;"Barber, Miss. Ellen ""Nellie""";1;female;26;1;1
15;Barkworth, Mr. Algernon Henry Wilson;1;male;80;1;0
16;Baumann, Mr. John D;1;male;;0;0
17;Baxter, Mr. Quigg Edmond;1;male;24;0;0
18;Baxter, Mrs. James (Helene DeLaudeniere Chaput);1;female;50;1;1
19;Bazzani, Miss. Albina;1;female;32;1;1
20;Beattie, Mr. Thomson;1;male;36;0;0
21;Beckwith, Mr. Richard Leonard;1;male;37;1;0
22;Beckwith, Mrs. Richard Leonard (Sallie Monypeny);1;female;47;1;1
23;Behr, Mr. Karl Howell;1;male;26;1;0
24;Bidois, Miss. Rosalie;1;female;42;1;1
25;Bird, Miss. Ellen;1;female;29;1;1
26;Birnbaum, Mr. Jakob;1;male;25;0;0
27;Bishop, Mr. Dickinson H;1;male;25;1;0
28;Bishop, Mrs. Dickinson H (Helen Walton);1;female;19;1;1
29;Bissette, Miss. Amelia;1;female;35;1;1
30;Bjornstrom-Steffansson, Mr. Mauritz Hakan;1;male;28;1;0
31;Blackwell, Mr. Stephen Weart;1;male;45;0;0
32;Blank, Mr. Henry;1;male;40;1;0
33;Bonnell, Miss. Caroline;1;female;30;1;1
34;Bonnell, Miss. Elizabeth;1;female;58;1;1
35;Borebank, Mr. John James;1;male;42;0;0
36;Bowen, Miss. Grace Scott;1;female;45;1;1
37;Bowerman, Miss. Elsie Edith;1;female;22;1;1
38;"Bradley, Mr. George (""George Arthur Brayton"")";1;male;;1;0
39;Brady, Mr. John Bertram;1;male;41;0;0
40;Brandeis, Mr. Emil;1;male;48;0;0
41;Brewe, Dr. Arthur Jackson;1;male;;0;0
42;Brown, Mrs. James Joseph (Margaret Tobin);1;female;44;1;1
43;Brown, Mrs. John Murray (Caroline Lane Lamson);1;female;59;1;1
44;Bucknell, Mrs. William Robert (Emma Eliza Ward);1;female;60;1;1
45;Burns, Miss. Elizabeth Margaret;1;female;41;1;1
46;Butt, Major. Archibald Willingham;1;male;45;0;0
47;Cairns, Mr. Alexander;1;male;;0;0
48;Calderhead, Mr. Edward Pennington;1;male;42;1;0
49;Candee, Mrs. Edward (Helen Churchill Hungerford);1;female;53;1;1
50;Cardeza, Mr. Thomas Drake Martinez;1;male;36;1;0
51;Cardeza, Mrs. James Warburton Martinez (Charlotte Wardle Drake);1;female;58;1;1
52;Carlsson, Mr. Frans Olof;1;male;33;0;0
53;Carrau, Mr. Francisco M;1;male;28;0;0
54;Carrau, Mr. Jose Pedro;1;male;17;0;0
55;Carter, Master. William Thornton II;1;male;11;1;0
56;Carter, Miss. Lucile Polk;1;female;14;1;1
57;Carter, Mr. William Ernest;1;male;36;1;0
58;Carter, Mrs. William Ernest (Lucile Polk);1;female;36;1;1
59;Case, Mr. Howard Brown;1;male;49;0;0
60;Cassebeer, Mrs. Henry Arthur Jr (Eleanor Genevieve Fosdick);1;female;;1;1
61;Cavendish, Mr. Tyrell William;1;male;36;0;0
62;Cavendish, Mrs. Tyrell William (Julia Florence Siegel);1;female;76;1;1
63;Chaffee, Mr. Herbert Fuller;1;male;46;0;0
64;Chaffee, Mrs. Herbert Fuller (Carrie Constance Toogood);1;female;47;1;1
65;Chambers, Mr. Norman Campbell;1;male;27;1;0
66;Chambers, Mrs. Norman Campbell (Bertha Griggs);1;female;33;1;1
67;Chaudanson, Miss. Victorine;1;female;36;1;1
68;Cherry, Miss. Gladys;1;female;30;1;1
69;Chevre, Mr. Paul Romaine;1;male;45;1;0
70;Chibnall, Mrs. (Edith Martha Bowerman);1;female;;1;1
71;Chisholm, Mr. Roderick Robert Crispin;1;male;;0;0
72;Clark, Mr. Walter Miller;1;male;27;0;0
73;Clark, Mrs. Walter Miller (Virginia McDowell);1;female;26;1;1
74;Cleaver, Miss. Alice;1;female;22;1;1
75;Clifford, Mr. George Quincy;1;male;;0;0
76;Colley, Mr. Edward Pomeroy;1;male;47;0;0
77;Compton, Miss. Sara Rebecca;1;female;39;1;1
78;Compton, Mr. Alexander Taylor Jr;1;male;37;0;0
79;Compton, Mrs. Alexander Taylor (Mary Eliza Ingersoll);1;female;64;1;1
80;Cornell, Mrs. Robert Clifford (Malvina Helen Lamson);1;female;55;1;1
81;Crafton, Mr. John Bertram;1;male;;0;0
82;Crosby, Capt. Edward Gifford;1;male;70;0;0
83;Crosby, Miss. Harriet R;1;female;36;1;1
84;Crosby, Mrs. Edward Gifford (Catherine Elizabeth Halstead);1;female;64;1;1
85;Cumings, Mr. John Bradley;1;male;39;0;0
86;Cumings, Mrs. John Bradley (Florence Briggs Thayer);1;female;38;1;1
87;Daly, Mr. Peter Denis ;1;male;51;1;0
88;Daniel, Mr. Robert Williams;1;male;27;1;0
89;Daniels, Miss. Sarah;1;female;33;1;1
90;Davidson, Mr. Thornton;1;male;31;0;0
91;Davidson, Mrs. Thornton (Orian Hays);1;female;27;1;1
92;Dick, Mr. Albert Adrian;1;male;31;1;0
93;Dick, Mrs. Albert Adrian (Vera Gillespie);1;female;17;1;1
94;Dodge, Dr. Washington;1;male;53;1;0
95;Dodge, Master. Washington;1;male;4;1;0
96;Dodge, Mrs. Washington (Ruth Vidaver);1;female;54;1;1
97;Douglas, Mr. Walter Donald;1;male;50;0;0
98;Douglas, Mrs. Frederick Charles (Mary Helene Baxter);1;female;27;1;1
99;Douglas, Mrs. Walter Donald (Mahala Dutton);1;female;48;1;1
100;"Duff Gordon, Lady. (Lucille Christiana Sutherland) (""Mrs Morgan"")";1;female;48;1;1
101;"Duff Gordon, Sir. Cosmo Edmund (""Mr Morgan"")";1;male;49;1;0
102;Dulles, Mr. William Crothers;1;male;39;0;0
103;Earnshaw, Mrs. Boulton (Olive Potter);1;female;23;1;1
104;Endres, Miss. Caroline Louise;1;female;38;1;1
105;Eustis, Miss. Elizabeth Mussey;1;female;54;1;1
106;Evans, Miss. Edith Corse;1;female;36;0;1
107;Farthing, Mr. John;1;male;;0;0
108;Flegenheim, Mrs. Alfred (Antoinette);1;female;;1;1
109;Fleming, Miss. Margaret;1;female;;1;1
110;"Flynn, Mr. John Irwin (""Irving"")";1;male;36;1;0
111;Foreman, Mr. Benjamin Laventall;1;male;30;0;0
112;Fortune, Miss. Alice Elizabeth;1;female;24;1;1
113;Fortune, Miss. Ethel Flora;1;female;28;1;1
114;Fortune, Miss. Mabel Helen;1;female;23;1;1
115;Fortune, Mr. Charles Alexander;1;male;19;0;0
116;Fortune, Mr. Mark;1;male;64;0;0
117;Fortune, Mrs. Mark (Mary McDougald);1;female;60;1;1
118;Francatelli, Miss. Laura Mabel;1;female;30;1;1
119;Franklin, Mr. Thomas Parham;1;male;;0;0
120;Frauenthal, Dr. Henry William;1;male;50;1;0
121;Frauenthal, Mr. Isaac Gerald;1;male;43;1;0
122;Frauenthal, Mrs. Henry William (Clara Heinsheimer);1;female;;1;1
123;Frolicher, Miss. Hedwig Margaritha;1;female;22;1;1
124;Frolicher-Stehli, Mr. Maxmillian;1;male;60;1;0
125;Frolicher-Stehli, Mrs. Maxmillian (Margaretha Emerentia Stehli);1;female;48;1;1
126;Fry, Mr. Richard;1;male;;0;0
127;Futrelle, Mr. Jacques Heath;1;male;37;0;0
128;Futrelle, Mrs. Jacques Heath (Lily May Peel);1;female;35;1;1
129;Gee, Mr. Arthur H;1;male;47;0;0
130;Geiger, Miss. Amalie;1;female;35;1;1
131;Gibson, Miss. Dorothy Winifred;1;female;22;1;1
132;Gibson, Mrs. Leonard (Pauline C Boeson);1;female;45;1;1
133;Giglio, Mr. Victor;1;male;24;0;0
134;Goldenberg, Mr. Samuel L;1;male;49;1;0
135;Goldenberg, Mrs. Samuel L (Edwiga Grabowska);1;female;;1;1
136;Goldschmidt, Mr. George B;1;male;71;0;0
137;Gracie, Col. Archibald IV;1;male;53;1;0
138;Graham, Miss. Margaret Edith;1;female;19;1;1
139;Graham, Mr. George Edward;1;male;38;0;0
140;Graham, Mrs. William Thompson (Edith Junkins);1;female;58;1;1
141;Greenfield, Mr. William Bertram;1;male;23;1;0
142;Greenfield, Mrs. Leo David (Blanche Strouse);1;female;45;1;1
143;Guggenheim, Mr. Benjamin;1;male;46;0;0
144;Harder, Mr. George Achilles;1;male;25;1;0
145;Harder, Mrs. George Achilles (Dorothy Annan);1;female;25;1;1
146;Harper, Mr. Henry Sleeper;1;male;48;1;0
147;Harper, Mrs. Henry Sleeper (Myna Haxtun);1;female;49;1;1
148;Harrington, Mr. Charles H;1;male;;0;0
149;Harris, Mr. Henry Birkhardt;1;male;45;0;0
150;Harris, Mrs. Henry Birkhardt (Irene Wallach);1;female;35;1;1
151;Harrison, Mr. William;1;male;40;0;0
152;Hassab, Mr. Hammad;1;male;27;1;0
153;Hawksford, Mr. Walter James;1;male;;1;0
154;Hays, Miss. Margaret Bechstein;1;female;24;1;1
155;Hays, Mr. Charles Melville;1;male;55;0;0
156;Hays, Mrs. Charles Melville (Clara Jennings Gregg);1;female;52;1;1
157;Head, Mr. Christopher;1;male;42;0;0
158;Hilliard, Mr. Herbert Henry;1;male;;0;0
159;Hipkins, Mr. William Edward;1;male;55;0;0
160;Hippach, Miss. Jean Gertrude;1;female;16;1;1
161;Hippach, Mrs. Louis Albert (Ida Sophia Fischer);1;female;44;1;1
162;Hogeboom, Mrs. John C (Anna Andrews);1;female;51;1;1
163;Holverson, Mr. Alexander Oskar;1;male;42;0;0
164;Holverson, Mrs. Alexander Oskar (Mary Aline Towner);1;female;35;1;1
165;"Homer, Mr. Harry (""Mr E Haven"")";1;male;35;1;0
166;Hoyt, Mr. Frederick Maxfield;1;male;38;1;0
167;Hoyt, Mr. William Fisher;1;male;;0;0
168;Hoyt, Mrs. Frederick Maxfield (Jane Anne Forby);1;female;35;1;1
169;Icard, Miss. Amelie;1;female;38;1;1
170;Isham, Miss. Ann Elizabeth;1;female;50;0;1
171;Ismay, Mr. Joseph Bruce;1;male;49;1;0
172;Jones, Mr. Charles Cresson;1;male;46;0;0
173;Julian, Mr. Henry Forbes;1;male;50;0;0
174;Keeping, Mr. Edwin;1;male;32.5;0;0
175;Kent, Mr. Edward Austin;1;male;58;0;0
176;Kenyon, Mr. Frederick R;1;male;41;0;0
177;Kenyon, Mrs. Frederick R (Marion);1;female;;1;1
178;Kimball, Mr. Edwin Nelson Jr;1;male;42;1;0
179;Kimball, Mrs. Edwin Nelson Jr (Gertrude Parsons);1;female;45;1;1
180;Klaber, Mr. Herman;1;male;;0;0
181;Kreuchen, Miss. Emilie;1;female;39;1;1
182;Leader, Dr. Alice (Farnham);1;female;49;1;1
183;LeRoy, Miss. Bertha;1;female;30;1;1
184;Lesurer, Mr. Gustave J;1;male;35;1;0
185;Lewy, Mr. Ervin G;1;male;;0;0
186;"Lindeberg-Lind, Mr. Erik Gustaf (""Mr Edward Lingrey"")";1;male;42;0;0
187;Lindstrom, Mrs. Carl Johan (Sigrid Posse);1;female;55;1;1
188;Lines, Miss. Mary Conover;1;female;16;1;1
189;Lines, Mrs. Ernest H (Elizabeth Lindsey James);1;female;51;1;1
190;Long, Mr. Milton Clyde;1;male;29;0;0
191;Longley, Miss. Gretchen Fiske;1;female;21;1;1
192;Loring, Mr. Joseph Holland;1;male;30;0;0
193;Lurette, Miss. Elise;1;female;58;1;1
194;Madill, Miss. Georgette Alexandra;1;female;15;1;1
195;Maguire, Mr. John Edward;1;male;30;0;0
196;Maioni, Miss. Roberta;1;female;16;1;1
197;Marechal, Mr. Pierre;1;male;;1;0
198;Marvin, Mr. Daniel Warner;1;male;19;0;0
199;Marvin, Mrs. Daniel Warner (Mary Graham Carmichael Farquarson);1;female;18;1;1
200;"Mayne, Mlle. Berthe Antonine (""Mrs de Villiers"")";1;female;24;1;1
201;McCaffry, Mr. Thomas Francis;1;male;46;0;0
202;McCarthy, Mr. Timothy J;1;male;54;0;0
203;McGough, Mr. James Robert;1;male;36;1;0
204;Meyer, Mr. Edgar Joseph;1;male;28;0;0
205;Meyer, Mrs. Edgar Joseph (Leila Saks);1;female;;1;1
206;Millet, Mr. Francis Davis;1;male;65;0;0
207;Minahan, Dr. William Edward;1;male;44;0;0
208;Minahan, Miss. Daisy E;1;female;33;1;1
209;Minahan, Mrs. William Edward (Lillian E Thorpe);1;female;37;1;1
210;Mock, Mr. Philipp Edmund;1;male;30;1;0
211;Molson, Mr. Harry Markland;1;male;55;0;0
212;Moore, Mr. Clarence Bloomfield;1;male;47;0;0
213;Natsch, Mr. Charles H;1;male;37;0;0
214;Newell, Miss. Madeleine;1;female;31;1;1
215;Newell, Miss. Marjorie;1;female;23;1;1
216;Newell, Mr. Arthur Webster;1;male;58;0;0
217;Newsom, Miss. Helen Monypeny;1;female;19;1;1
218;Nicholson, Mr. Arthur Ernest;1;male;64;0;0
219;Oliva y Ocana, Dona. Fermina;1;female;39;1;1
220;Omont, Mr. Alfred Fernand;1;male;;1;0
221;Ostby, Miss. Helene Ragnhild;1;female;22;1;1
222;Ostby, Mr. Engelhart Cornelius;1;male;65;0;0
223;Ovies y Rodriguez, Mr. Servando;1;male;28.5;0;0
224;Parr, Mr. William Henry Marsh;1;male;;0;0
225;Partner, Mr. Austen;1;male;45.5;0;0
226;Payne, Mr. Vivian Ponsonby;1;male;23;0;0
227;Pears, Mr. Thomas Clinton;1;male;29;0;0
228;Pears, Mrs. Thomas (Edith Wearne);1;female;22;1;1
229;Penasco y Castellana, Mr. Victor de Satode;1;male;18;0;0
230;Penasco y Castellana, Mrs. Victor de Satode (Maria Josefa Perez de Soto y Vallejo);1;female;17;1;1
231;Perreault, Miss. Anne;1;female;30;1;1
232;Peuchen, Major. Arthur Godfrey;1;male;52;1;0
233;Porter, Mr. Walter Chamberlain;1;male;47;0;0
234;Potter, Mrs. Thomas Jr (Lily Alexenia Wilson);1;female;56;1;1
235;Reuchlin, Jonkheer. John George;1;male;38;0;0
236;Rheims, Mr. George Alexander Lucien;1;male;;1;0
237;Ringhini, Mr. Sante;1;male;22;0;0
238;Robbins, Mr. Victor;1;male;;0;0
239;Robert, Mrs. Edward Scott (Elisabeth Walton McMillan);1;female;43;1;1
240;Roebling, Mr. Washington Augustus II;1;male;31;0;0
241;"Romaine, Mr. Charles Hallace (""Mr C Rolmane"")";1;male;45;1;0
242;Rood, Mr. Hugh Roscoe;1;male;;0;0
243;Rosenbaum, Miss. Edith Louise;1;female;33;1;1
244;"Rosenshine, Mr. George (""Mr George Thorne"")";1;male;46;0;0
245;Ross, Mr. John Hugo;1;male;36;0;0
246;Rothes, the Countess. of (Lucy Noel Martha Dyer-Edwards);1;female;33;1;1
247;Rothschild, Mr. Martin;1;male;55;0;0
248;Rothschild, Mrs. Martin (Elizabeth L. Barrett);1;female;54;1;1
249;Rowe, Mr. Alfred G;1;male;33;0;0
250;Ryerson, Master. John Borie;1;male;13;1;0
251;Ryerson, Miss. Emily Borie;1;female;18;1;1
252;"Ryerson, Miss. Susan Parker ""Suzette""";1;female;21;1;1
253;Ryerson, Mr. Arthur Larned;1;male;61;0;0
254;Ryerson, Mrs. Arthur Larned (Emily Maria Borie);1;female;48;1;1
255;Saalfeld, Mr. Adolphe;1;male;;1;0
256;Sagesser, Mlle. Emma;1;female;24;1;1
257;Salomon, Mr. Abraham L;1;male;;1;0
258;Schabert, Mrs. Paul (Emma Mock);1;female;35;1;1
259;Serepeca, Miss. Augusta;1;female;30;1;1
260;Seward, Mr. Frederic Kimber;1;male;34;1;0
261;Shutes, Miss. Elizabeth W;1;female;40;1;1
262;Silverthorne, Mr. Spencer Victor;1;male;35;1;0
263;Silvey, Mr. William Baird;1;male;50;0;0
264;Silvey, Mrs. William Baird (Alice Munger);1;female;39;1;1
265;Simonius-Blumer, Col. Oberst Alfons;1;male;56;1;0
266;Sloper, Mr. William Thompson;1;male;28;1;0
267;Smart, Mr. John Montgomery;1;male;56;0;0
268;Smith, Mr. James Clinch;1;male;56;0;0
269;Smith, Mr. Lucien Philip;1;male;24;0;0
270;Smith, Mr. Richard William;1;male;;0;0
271;Smith, Mrs. Lucien Philip (Mary Eloise Hughes);1;female;18;1;1
272;Snyder, Mr. John Pillsbury;1;male;24;1;0
273;Snyder, Mrs. John Pillsbury (Nelle Stevenson);1;female;23;1;1
274;Spedden, Master. Robert Douglas;1;male;6;1;0
275;Spedden, Mr. Frederic Oakley;1;male;45;1;0
276;Spedden, Mrs. Frederic Oakley (Margaretta Corning Stone);1;female;40;1;1
277;Spencer, Mr. William Augustus;1;male;57;0;0
278;Spencer, Mrs. William Augustus (Marie Eugenie);1;female;;1;1
279;Stahelin-Maeglin, Dr. Max;1;male;32;1;0
280;Stead, Mr. William Thomas;1;male;62;0;0
281;Stengel, Mr. Charles Emil Henry;1;male;54;1;0
282;Stengel, Mrs. Charles Emil Henry (Annie May Morris);1;female;43;1;1
283;Stephenson, Mrs. Walter Bertram (Martha Eustis);1;female;52;1;1
284;Stewart, Mr. Albert A;1;male;;0;0
285;Stone, Mrs. George Nelson (Martha Evelyn);1;female;62;1;1
286;Straus, Mr. Isidor;1;male;67;0;0
287;Straus, Mrs. Isidor (Rosalie Ida Blun);1;female;63;0;1
288;Sutton, Mr. Frederick;1;male;61;0;0
289;Swift, Mrs. Frederick Joel (Margaret Welles Barron);1;female;48;1;1
290;Taussig, Miss. Ruth;1;female;18;1;1
291;Taussig, Mr. Emil;1;male;52;0;0
292;Taussig, Mrs. Emil (Tillie Mandelbaum);1;female;39;1;1
293;Taylor, Mr. Elmer Zebley;1;male;48;1;0
294;Taylor, Mrs. Elmer Zebley (Juliet Cummins Wright);1;female;;1;1
295;Thayer, Mr. John Borland;1;male;49;0;0
296;Thayer, Mr. John Borland Jr;1;male;17;1;0
297;Thayer, Mrs. John Borland (Marian Longstreth Morris);1;female;39;1;1
298;Thorne, Mrs. Gertrude Maybelle;1;female;;1;1
299;Tucker, Mr. Gilbert Milligan Jr;1;male;31;1;0
300;Uruchurtu, Don. Manuel E;1;male;40;0;0
301;Van der hoef, Mr. Wyckoff;1;male;61;0;0
302;Walker, Mr. William Anderson;1;male;47;0;0
303;Ward, Miss. Anna;1;female;35;1;1
304;Warren, Mr. Frank Manley;1;male;64;0;0
305;Warren, Mrs. Frank Manley (Anna Sophia Atkinson);1;female;60;1;1
306;Weir, Col. John;1;male;60;0;0
307;White, Mr. Percival Wayland;1;male;54;0;0
308;White, Mr. Richard Frasar;1;male;21;0;0
309;White, Mrs. John Stuart (Ella Holmes);1;female;55;1;1
310;Wick, Miss. Mary Natalie;1;female;31;1;1
311;Wick, Mr. George Dennick;1;male;57;0;0
312;Wick, Mrs. George Dennick (Mary Hitchcock);1;female;45;1;1
313;Widener, Mr. George Dunton;1;male;50;0;0
314;Widener, Mr. Harry Elkins;1;male;27;0;0
315;Widener, Mrs. George Dunton (Eleanor Elkins);1;female;50;1;1
316;Willard, Miss. Constance;1;female;21;1;1
317;Williams, Mr. Charles Duane;1;male;51;0;0
318;Williams, Mr. Richard Norris II;1;male;21;1;0
319;Williams-Lambert, Mr. Fletcher Fellows;1;male;;0;0
320;Wilson, Miss. Helen Alice;1;female;31;1;1
321;Woolner, Mr. Hugh;1;male;;1;0
322;Wright, Mr. George;1;male;62;0;0
323;Young, Miss. Marie Grice;1;female;36;1;1
324;Abelson, Mr. Samuel;2;male;30;0;0
325;Abelson, Mrs. Samuel (Hannah Wizosky);2;female;28;1;1
326;Aldworth, Mr. Charles Augustus;2;male;30;0;0
327;Andrew, Mr. Edgardo Samuel;2;male;18;0;0
328;Andrew, Mr. Frank Thomas;2;male;25;0;0
329;Angle, Mr. William A;2;male;34;0;0
330;"Angle, Mrs. William A (Florence ""Mary"" Agnes Hughes)";2;female;36;1;1
331;Ashby, Mr. John;2;male;57;0;0
332;Bailey, Mr. Percy Andrew;2;male;18;0;0
333;Baimbrigge, Mr. Charles Robert;2;male;23;0;0
334;Ball, Mrs. (Ada E Hall);2;female;36;1;1
335;Banfield, Mr. Frederick James;2;male;28;0;0
336;Bateman, Rev. Robert James;2;male;51;0;0
337;Beane, Mr. Edward;2;male;32;1;0
338;Beane, Mrs. Edward (Ethel Clarke);2;female;19;1;1
339;Beauchamp, Mr. Henry James;2;male;28;0;0
340;Becker, Master. Richard F;2;male;1;1;0
341;Becker, Miss. Marion Louise;2;female;4;1;1
342;Becker, Miss. Ruth Elizabeth;2;female;12;1;1
343;Becker, Mrs. Allen Oliver (Nellie E Baumgardner);2;female;36;1;1
344;Beesley, Mr. Lawrence;2;male;34;1;0
345;Bentham, Miss. Lilian W;2;female;19;1;1
346;Berriman, Mr. William John;2;male;23;0;0
347;Botsford, Mr. William Hull;2;male;26;0;0
348;Bowenur, Mr. Solomon;2;male;42;0;0
349;Bracken, Mr. James H;2;male;27;0;0
350;"Brown, Miss. Amelia ""Mildred""";2;female;24;1;1
351;Brown, Miss. Edith Eileen;2;female;15;1;1
352;Brown, Mr. Thomas William Solomon;2;male;60;0;0
353;Brown, Mrs. Thomas William Solomon (Elizabeth Catherine Ford);2;female;40;1;1
354;Bryhl, Miss. Dagmar Jenny Ingeborg ;2;female;20;1;1
355;Bryhl, Mr. Kurt Arnold Gottfrid;2;male;25;0;0
356;Buss, Miss. Kate;2;female;36;1;1
357;Butler, Mr. Reginald Fenton;2;male;25;0;0
358;Byles, Rev. Thomas Roussel Davids;2;male;42;0;0
359;Bystrom, Mrs. (Karolina);2;female;42;1;1
360;Caldwell, Master. Alden Gates;2;male;0.8333;1;0
361;Caldwell, Mr. Albert Francis;2;male;26;1;0
362;Caldwell, Mrs. Albert Francis (Sylvia Mae Harbaugh);2;female;22;1;1
363;Cameron, Miss. Clear Annie;2;female;35;1;1
364;Campbell, Mr. William;2;male;;0;0
365;Carbines, Mr. William;2;male;19;0;0
366;Carter, Mrs. Ernest Courtenay (Lilian Hughes);2;female;44;0;1
367;Carter, Rev. Ernest Courtenay;2;male;54;0;0
368;Chapman, Mr. Charles Henry;2;male;52;0;0
369;Chapman, Mr. John Henry;2;male;37;0;0
370;Chapman, Mrs. John Henry (Sara Elizabeth Lawry);2;female;29;0;1
371;Christy, Miss. Julie Rachel;2;female;25;1;1
372;Christy, Mrs. (Alice Frances);2;female;45;1;1
373;Clarke, Mr. Charles Valentine;2;male;29;0;0
374;Clarke, Mrs. Charles V (Ada Maria Winfield);2;female;28;1;1
375;Coleridge, Mr. Reginald Charles;2;male;29;0;0
376;Collander, Mr. Erik Gustaf;2;male;28;0;0
377;Collett, Mr. Sidney C Stuart;2;male;24;1;0
378;"Collyer, Miss. Marjorie ""Lottie""";2;female;8;1;1
379;Collyer, Mr. Harvey;2;male;31;0;0
380;Collyer, Mrs. Harvey (Charlotte Annie Tate);2;female;31;1;1
381;Cook, Mrs. (Selena Rogers);2;female;22;1;1
382;Corbett, Mrs. Walter H (Irene Colvin);2;female;30;0;1
383;Corey, Mrs. Percy C (Mary Phyllis Elizabeth Miller);2;female;;0;1
384;"Cotterill, Mr. Henry ""Harry""";2;male;21;0;0
385;Cunningham, Mr. Alfred Fleming;2;male;;0;0
386;Davies, Master. John Morgan Jr;2;male;8;1;0
387;Davies, Mr. Charles Henry;2;male;18;0;0
388;Davies, Mrs. John Morgan (Elizabeth Agnes Mary White) ;2;female;48;1;1
389;Davis, Miss. Mary;2;female;28;1;1
390;de Brito, Mr. Jose Joaquim;2;male;32;0;0
391;Deacon, Mr. Percy William;2;male;17;0;0
392;del Carlo, Mr. Sebastiano;2;male;29;0;0
393;del Carlo, Mrs. Sebastiano (Argenia Genovesi);2;female;24;1;1
394;Denbury, Mr. Herbert;2;male;25;0;0
395;Dibden, Mr. William;2;male;18;0;0
396;Doling, Miss. Elsie;2;female;18;1;1
397;Doling, Mrs. John T (Ada Julia Bone);2;female;34;1;1
398;Downton, Mr. William James;2;male;54;0;0
399;Drew, Master. Marshall Brines;2;male;8;1;0
400;Drew, Mr. James Vivian;2;male;42;0;0
401;Drew, Mrs. James Vivian (Lulu Thorne Christian);2;female;34;1;1
402;Duran y More, Miss. Asuncion;2;female;27;1;1
403;Duran y More, Miss. Florentina;2;female;30;1;1
404;Eitemiller, Mr. George Floyd;2;male;23;0;0
405;Enander, Mr. Ingvar;2;male;21;0;0
406;Fahlstrom, Mr. Arne Jonas;2;male;18;0;0
407;Faunthorpe, Mr. Harry;2;male;40;0;0
408;Faunthorpe, Mrs. Lizzie (Elizabeth Anne Wilkinson);2;female;29;1;1
409;Fillbrook, Mr. Joseph Charles;2;male;18;0;0
410;Fox, Mr. Stanley Hubert;2;male;36;0;0
411;"Frost, Mr. Anthony Wood ""Archie""";2;male;;0;0
412;Funk, Miss. Annie Clemmer;2;female;38;0;1
413;Fynney, Mr. Joseph J;2;male;35;0;0
414;Gale, Mr. Harry;2;male;38;0;0
415;Gale, Mr. Shadrach;2;male;34;0;0
416;Garside, Miss. Ethel;2;female;34;1;1
417;Gaskell, Mr. Alfred;2;male;16;0;0
418;Gavey, Mr. Lawrence;2;male;26;0;0
419;Gilbert, Mr. William;2;male;47;0;0
420;Giles, Mr. Edgar;2;male;21;0;0
421;Giles, Mr. Frederick Edward;2;male;21;0;0
422;Giles, Mr. Ralph;2;male;24;0;0
423;Gill, Mr. John William;2;male;24;0;0
424;Gillespie, Mr. William Henry;2;male;34;0;0
425;Givard, Mr. Hans Kristensen;2;male;30;0;0
426;Greenberg, Mr. Samuel;2;male;52;0;0
427;Hale, Mr. Reginald;2;male;30;0;0
428;Hamalainen, Master. Viljo;2;male;0.6667;1;0
429;Hamalainen, Mrs. William (Anna);2;female;24;1;1
430;Harbeck, Mr. William H;2;male;44;0;0
431;"Harper, Miss. Annie Jessie ""Nina""";2;female;6;1;1
432;Harper, Rev. John;2;male;28;0;0
433;Harris, Mr. George;2;male;62;1;0
434;Harris, Mr. Walter;2;male;30;0;0
435;Hart, Miss. Eva Miriam;2;female;7;1;1
436;Hart, Mr. Benjamin;2;male;43;0;0
437;Hart, Mrs. Benjamin (Esther Ada Bloomfield);2;female;45;1;1
438;Herman, Miss. Alice;2;female;24;1;1
439;Herman, Miss. Kate;2;female;24;1;1
440;Herman, Mr. Samuel;2;male;49;0;0
441;Herman, Mrs. Samuel (Jane Laver);2;female;48;1;1
442;Hewlett, Mrs. (Mary D Kingcome) ;2;female;55;1;1
443;Hickman, Mr. Leonard Mark;2;male;24;0;0
444;Hickman, Mr. Lewis;2;male;32;0;0
445;Hickman, Mr. Stanley George;2;male;21;0;0
446;Hiltunen, Miss. Marta;2;female;18;0;1
447;"Hocking, Miss. Ellen ""Nellie""";2;female;20;1;1
448;Hocking, Mr. Richard George;2;male;23;0;0
449;Hocking, Mr. Samuel James Metcalfe;2;male;36;0;0
450;Hocking, Mrs. Elizabeth (Eliza Needs);2;female;54;1;1
451;Hodges, Mr. Henry Price;2;male;50;0;0
452;Hold, Mr. Stephen;2;male;44;0;0
453;Hold, Mrs. Stephen (Annie Margaret Hill);2;female;29;1;1
454;Hood, Mr. Ambrose Jr;2;male;21;0;0
455;Hosono, Mr. Masabumi;2;male;42;1;0
456;Howard, Mr. Benjamin;2;male;63;0;0
457;Howard, Mrs. Benjamin (Ellen Truelove Arman);2;female;60;0;1
458;Hunt, Mr. George Henry;2;male;33;0;0
459;Ilett, Miss. Bertha;2;female;17;1;1
460;Jacobsohn, Mr. Sidney Samuel;2;male;42;0;0
461;Jacobsohn, Mrs. Sidney Samuel (Amy Frances Christy);2;female;24;1;1
462;Jarvis, Mr. John Denzil;2;male;47;0;0
463;Jefferys, Mr. Clifford Thomas;2;male;24;0;0
464;Jefferys, Mr. Ernest Wilfred;2;male;22;0;0
465;Jenkin, Mr. Stephen Curnow;2;male;32;0;0
466;Jerwan, Mrs. Amin S (Marie Marthe Thuillard);2;female;23;1;1
467;Kantor, Mr. Sinai;2;male;34;0;0
468;Kantor, Mrs. Sinai (Miriam Sternin);2;female;24;1;1
469;Karnes, Mrs. J Frank (Claire Bennett);2;female;22;0;1
470;Keane, Miss. Nora A;2;female;;1;1
471;Keane, Mr. Daniel;2;male;35;0;0
472;"Kelly, Mrs. Florence ""Fannie""";2;female;45;1;1
473;Kirkland, Rev. Charles Leonard;2;male;57;0;0
474;Knight, Mr. Robert J;2;male;;0;0
475;Kvillner, Mr. Johan Henrik Johannesson;2;male;31;0;0
476;Lahtinen, Mrs. William (Anna Sylfven);2;female;26;0;1
477;Lahtinen, Rev. William;2;male;30;0;0
478;Lamb, Mr. John Joseph;2;male;;0;0
479;Laroche, Miss. Louise;2;female;1;1;1
480;Laroche, Miss. Simonne Marie Anne Andree;2;female;3;1;1
481;Laroche, Mr. Joseph Philippe Lemercier;2;male;25;0;0
482;Laroche, Mrs. Joseph (Juliette Marie Louise Lafargue);2;female;22;1;1
483;Lehmann, Miss. Bertha;2;female;17;1;1
484;Leitch, Miss. Jessie Wills;2;female;;1;1
485;Lemore, Mrs. (Amelia Milley);2;female;34;1;1
486;Levy, Mr. Rene Jacques;2;male;36;0;0
487;Leyson, Mr. Robert William Norman;2;male;24;0;0
488;Lingane, Mr. John;2;male;61;0;0
489;Louch, Mr. Charles Alexander;2;male;50;0;0
490;Louch, Mrs. Charles Alexander (Alice Adelaide Slow);2;female;42;1;1
491;Mack, Mrs. (Mary);2;female;57;0;1
492;Malachard, Mr. Noel;2;male;;0;0
493;Mallet, Master. Andre;2;male;1;1;0
494;Mallet, Mr. Albert;2;male;31;0;0
495;Mallet, Mrs. Albert (Antoinette Magnin);2;female;24;1;1
496;Mangiavacchi, Mr. Serafino Emilio;2;male;;0;0
497;Matthews, Mr. William John;2;male;30;0;0
498;Maybery, Mr. Frank Hubert;2;male;40;0;0
499;McCrae, Mr. Arthur Gordon;2;male;32;0;0
500;McCrie, Mr. James Matthew;2;male;30;0;0
501;McKane, Mr. Peter David;2;male;46;0;0
502;Mellinger, Miss. Madeleine Violet;2;female;13;1;1
503;Mellinger, Mrs. (Elizabeth Anne Maidment);2;female;41;1;1
504;Mellors, Mr. William John;2;male;19;1;0
505;Meyer, Mr. August;2;male;39;0;0
506;Milling, Mr. Jacob Christian;2;male;48;0;0
507;Mitchell, Mr. Henry Michael;2;male;70;0;0
508;Montvila, Rev. Juozas;2;male;27;0;0
509;Moraweck, Dr. Ernest;2;male;54;0;0
510;"Morley, Mr. Henry Samuel (""Mr Henry Marshall"")";2;male;39;0;0
511;Mudd, Mr. Thomas Charles;2;male;16;0;0
512;Myles, Mr. Thomas Francis;2;male;62;0;0
513;Nasser, Mr. Nicholas;2;male;32.5;0;0
514;Nasser, Mrs. Nicholas (Adele Achem);2;female;14;1;1
515;Navratil, Master. Edmond Roger;2;male;2;1;0
516;Navratil, Master. Michel M;2;male;3;1;0
517;"Navratil, Mr. Michel (""Louis M Hoffman"")";2;male;36.5;0;0
518;Nesson, Mr. Israel;2;male;26;0;0
519;Nicholls, Mr. Joseph Charles;2;male;19;0;0
520;Norman, Mr. Robert Douglas;2;male;28;0;0
521;"Nourney, Mr. Alfred (""Baron von Drachstedt"")";2;male;20;1;0
522;Nye, Mrs. (Elizabeth Ramell);2;female;29;1;1
523;Otter, Mr. Richard;2;male;39;0;0
524;Oxenham, Mr. Percy Thomas;2;male;22;1;0
525;Padro y Manent, Mr. Julian;2;male;;1;0
526;Pain, Dr. Alfred;2;male;23;0;0
527;Pallas y Castello, Mr. Emilio;2;male;29;1;0
528;Parker, Mr. Clifford Richard;2;male;28;0;0
529;"Parkes, Mr. Francis ""Frank""";2;male;;0;0
530;Parrish, Mrs. (Lutie Davis);2;female;50;1;1
531;Pengelly, Mr. Frederick William;2;male;19;0;0
532;Pernot, Mr. Rene;2;male;;0;0
533;Peruschitz, Rev. Joseph Maria;2;male;41;0;0
534;Phillips, Miss. Alice Frances Louisa;2;female;21;1;1
535;"Phillips, Miss. Kate Florence (""Mrs Kate Louise Phillips Marshall"")";2;female;19;1;1
536;Phillips, Mr. Escott Robert;2;male;43;0;0
537;Pinsky, Mrs. (Rosa);2;female;32;1;1
538;Ponesell, Mr. Martin;2;male;34;0;0
539;Portaluppi, Mr. Emilio Ilario Giuseppe;2;male;30;1;0
540;Pulbaum, Mr. Franz;2;male;27;0;0
541;Quick, Miss. Phyllis May;2;female;2;1;1
542;Quick, Miss. Winifred Vera;2;female;8;1;1
543;Quick, Mrs. Frederick Charles (Jane Richards);2;female;33;1;1
544;Reeves, Mr. David;2;male;36;0;0
545;Renouf, Mr. Peter Henry;2;male;34;0;0
546;Renouf, Mrs. Peter Henry (Lillian Jefferys);2;female;30;1;1
547;Reynaldo, Ms. Encarnacion;2;female;28;1;1
548;Richard, Mr. Emile;2;male;23;0;0
549;Richards, Master. George Sibley;2;male;0.8333;1;0
550;Richards, Master. William Rowe;2;male;3;1;0
551;Richards, Mrs. Sidney (Emily Hocking);2;female;24;1;1
552;Ridsdale, Miss. Lucy;2;female;50;1;1
553;Rogers, Mr. Reginald Harry;2;male;19;0;0
554;Rugg, Miss. Emily;2;female;21;1;1
555;Schmidt, Mr. August;2;male;26;0;0
556;Sedgwick, Mr. Charles Frederick Waddington;2;male;25;0;0
557;Sharp, Mr. Percival James R;2;male;27;0;0
558;Shelley, Mrs. William (Imanita Parrish Hall);2;female;25;1;1
559;Silven, Miss. Lyyli Karoliina;2;female;18;1;1
560;Sincock, Miss. Maude;2;female;20;1;1
561;Sinkkonen, Miss. Anna;2;female;30;1;1
562;Sjostedt, Mr. Ernst Adolf;2;male;59;0;0
563;Slayter, Miss. Hilda Mary;2;female;30;1;1
564;Slemen, Mr. Richard James;2;male;35;0;0
565;Smith, Miss. Marion Elsie;2;female;40;1;1
566;Sobey, Mr. Samuel James Hayden;2;male;25;0;0
567;Stanton, Mr. Samuel Ward;2;male;41;0;0
568;Stokes, Mr. Philip Joseph;2;male;25;0;0
569;Swane, Mr. George;2;male;18.5;0;0
570;Sweet, Mr. George Frederick;2;male;14;0;0
571;Toomey, Miss. Ellen;2;female;50;1;1
572;Troupiansky, Mr. Moses Aaron;2;male;23;0;0
573;Trout, Mrs. William H (Jessie L);2;female;28;1;1
574;"Troutt, Miss. Edwina Celia ""Winnie""";2;female;27;1;1
575;Turpin, Mr. William John Robert;2;male;29;0;0
576;Turpin, Mrs. William John Robert (Dorothy Ann Wonnacott);2;female;27;0;1
577;Veal, Mr. James;2;male;40;0;0
578;Walcroft, Miss. Nellie;2;female;31;1;1
579;Ware, Mr. John James;2;male;30;0;0
580;Ware, Mr. William Jeffery;2;male;23;0;0
581;Ware, Mrs. John James (Florence Louise Long);2;female;31;1;1
582;Watson, Mr. Ennis Hastings;2;male;;0;0
583;Watt, Miss. Bertha J;2;female;12;1;1
584;"Watt, Mrs. James (Elizabeth ""Bessie"" Inglis Milne)";2;female;40;1;1
585;Webber, Miss. Susan;2;female;32.5;1;1
586;Weisz, Mr. Leopold;2;male;27;0;0
587;Weisz, Mrs. Leopold (Mathilde Francoise Pede);2;female;29;1;1
588;Wells, Master. Ralph Lester;2;male;2;1;0
589;Wells, Miss. Joan;2;female;4;1;1
590;"Wells, Mrs. Arthur Henry (""Addie"" Dart Trevaskis)";2;female;29;1;1
591;West, Miss. Barbara J;2;female;0.9167;1;1
592;West, Miss. Constance Mirium;2;female;5;1;1
593;West, Mr. Edwy Arthur;2;male;36;0;0
594;West, Mrs. Edwy Arthur (Ada Mary Worth);2;female;33;1;1
595;Wheadon, Mr. Edward H;2;male;66;0;0
596;"Wheeler, Mr. Edwin ""Frederick""";2;male;;0;0
597;Wilhelms, Mr. Charles;2;male;31;1;0
598;Williams, Mr. Charles Eugene;2;male;;1;0
599;Wright, Miss. Marion;2;female;26;1;1
600;"Yrois, Miss. Henriette (""Mrs Harbeck"")";2;female;24;0;1
601;Abbing, Mr. Anthony;3;male;42;0;0
602;Abbott, Master. Eugene Joseph;3;male;13;0;0
603;Abbott, Mr. Rossmore Edward;3;male;16;0;0
604;Abbott, Mrs. Stanton (Rosa Hunt);3;female;35;1;1
605;Abelseth, Miss. Karen Marie;3;female;16;1;1
606;Abelseth, Mr. Olaus Jorgensen;3;male;25;1;0
607;Abrahamsson, Mr. Abraham August Johannes;3;male;20;1;0
608;Abrahim, Mrs. Joseph (Sophie Halaut Easu);3;female;18;1;1
609;Adahl, Mr. Mauritz Nils Martin;3;male;30;0;0
610;Adams, Mr. John;3;male;26;0;0
611;Ahlin, Mrs. Johan (Johanna Persdotter Larsson);3;female;40;0;1
612;Aks, Master. Philip Frank;3;male;0.8333;1;0
613;Aks, Mrs. Sam (Leah Rosen);3;female;18;1;1
614;Albimona, Mr. Nassef Cassem;3;male;26;1;0
615;Alexander, Mr. William;3;male;26;0;0
616;Alhomaki, Mr. Ilmari Rudolf;3;male;20;0;0
617;Ali, Mr. Ahmed;3;male;24;0;0
618;Ali, Mr. William;3;male;25;0;0
619;Allen, Mr. William Henry;3;male;35;0;0
620;Allum, Mr. Owen George;3;male;18;0;0
621;Andersen, Mr. Albert Karvin;3;male;32;0;0
622;Andersen-Jensen, Miss. Carla Christine Nielsine;3;female;19;1;1
623;Andersson, Master. Sigvard Harald Elias;3;male;4;0;0
624;Andersson, Miss. Ebba Iris Alfrida;3;female;6;0;1
625;Andersson, Miss. Ellis Anna Maria;3;female;2;0;1
626;Andersson, Miss. Erna Alexandra;3;female;17;1;1
627;Andersson, Miss. Ida Augusta Margareta;3;female;38;0;1
628;Andersson, Miss. Ingeborg Constanzia;3;female;9;0;1
629;Andersson, Miss. Sigrid Elisabeth;3;female;11;0;1
630;Andersson, Mr. Anders Johan;3;male;39;0;0
631;"Andersson, Mr. August Edvard (""Wennerstrom"")";3;male;27;1;0
632;Andersson, Mr. Johan Samuel;3;male;26;0;0
633;Andersson, Mrs. Anders Johan (Alfrida Konstantia Brogren);3;female;39;0;1
634;Andreasson, Mr. Paul Edvin;3;male;20;0;0
635;Angheloff, Mr. Minko;3;male;26;0;0
636;Arnold-Franchi, Mr. Josef;3;male;25;0;0
637;Arnold-Franchi, Mrs. Josef (Josefine Franchi);3;female;18;0;1
638;Aronsson, Mr. Ernst Axel Algot;3;male;24;0;0
639;Asim, Mr. Adola;3;male;35;0;0
640;Asplund, Master. Carl Edgar;3;male;5;0;0
641;Asplund, Master. Clarence Gustaf Hugo;3;male;9;0;0
642;Asplund, Master. Edvin Rojj Felix;3;male;3;1;0
643;Asplund, Master. Filip Oscar;3;male;13;0;0
644;Asplund, Miss. Lillian Gertrud;3;female;5;1;1
645;Asplund, Mr. Carl Oscar Vilhelm Gustafsson;3;male;40;0;0
646;Asplund, Mr. Johan Charles;3;male;23;1;0
647;Asplund, Mrs. Carl Oscar (Selma Augusta Emilia Johansson);3;female;38;1;1
648;"Assaf Khalil, Mrs. Mariana (""Miriam"")";3;female;45;1;1
649;Assaf, Mr. Gerios;3;male;21;0;0
650;Assam, Mr. Ali;3;male;23;0;0
651;Attalah, Miss. Malake;3;female;17;0;1
652;Attalah, Mr. Sleiman;3;male;30;0;0
653;Augustsson, Mr. Albert;3;male;23;0;0
654;Ayoub, Miss. Banoura;3;female;13;1;1
655;Baccos, Mr. Raffull;3;male;20;0;0
656;Backstrom, Mr. Karl Alfred;3;male;32;0;0
657;Backstrom, Mrs. Karl Alfred (Maria Mathilda Gustafsson);3;female;33;1;1
658;Baclini, Miss. Eugenie;3;female;0.75;1;1
659;Baclini, Miss. Helene Barbara;3;female;0.75;1;1
660;Baclini, Miss. Marie Catherine;3;female;5;1;1
661;Baclini, Mrs. Solomon (Latifa Qurban);3;female;24;1;1
662;Badman, Miss. Emily Louisa;3;female;18;1;1
663;Badt, Mr. Mohamed;3;male;40;0;0
664;Balkic, Mr. Cerin;3;male;26;0;0
665;Barah, Mr. Hanna Assi;3;male;20;1;0
666;Barbara, Miss. Saiide;3;female;18;0;1
667;Barbara, Mrs. (Catherine David);3;female;45;0;1
668;Barry, Miss. Julia;3;female;27;0;1
669;Barton, Mr. David John;3;male;22;0;0
670;Beavan, Mr. William Thomas;3;male;19;0;0
671;Bengtsson, Mr. John Viktor;3;male;26;0;0
672;Berglund, Mr. Karl Ivar Sven;3;male;22;0;0
673;Betros, Master. Seman;3;male;;0;0
674;Betros, Mr. Tannous;3;male;20;0;0
675;Bing, Mr. Lee;3;male;32;1;0
676;Birkeland, Mr. Hans Martin Monsen;3;male;21;0;0
677;Bjorklund, Mr. Ernst Herbert;3;male;18;0;0
678;Bostandyeff, Mr. Guentcho;3;male;26;0;0
679;Boulos, Master. Akar;3;male;6;0;0
680;Boulos, Miss. Nourelain;3;female;9;0;1
681;Boulos, Mr. Hanna;3;male;;0;0
682;Boulos, Mrs. Joseph (Sultana);3;female;;0;1
683;Bourke, Miss. Mary;3;female;;0;1
684;Bourke, Mr. John;3;male;40;0;0
685;Bourke, Mrs. John (Catherine);3;female;32;0;1
686;"Bowen, Mr. David John ""Dai""";3;male;21;0;0
687;Bradley, Miss. Bridget Delia;3;female;22;1;1
688;Braf, Miss. Elin Ester Maria;3;female;20;0;1
689;Braund, Mr. Lewis Richard;3;male;29;0;0
690;Braund, Mr. Owen Harris;3;male;22;0;0
691;Brobeck, Mr. Karl Rudolf;3;male;22;0;0
692;Brocklebank, Mr. William Alfred;3;male;35;0;0
693;Buckley, Miss. Katherine;3;female;18.5;0;1
694;Buckley, Mr. Daniel;3;male;21;1;0
695;Burke, Mr. Jeremiah;3;male;19;0;0
696;Burns, Miss. Mary Delia;3;female;18;0;1
697;Cacic, Miss. Manda;3;female;21;0;1
698;Cacic, Miss. Marija;3;female;30;0;1
699;Cacic, Mr. Jego Grga;3;male;18;0;0
700;Cacic, Mr. Luka;3;male;38;0;0
701;Calic, Mr. Jovo;3;male;17;0;0
702;Calic, Mr. Petar;3;male;17;0;0
703;Canavan, Miss. Mary;3;female;21;0;1
704;Canavan, Mr. Patrick;3;male;21;0;0
705;Cann, Mr. Ernest Charles;3;male;21;0;0
706;Caram, Mr. Joseph;3;male;;0;0
707;Caram, Mrs. Joseph (Maria Elias);3;female;;0;1
708;Carlsson, Mr. August Sigfrid;3;male;28;0;0
709;Carlsson, Mr. Carl Robert;3;male;24;0;0
710;"Carr, Miss. Helen ""Ellen""";3;female;16;1;1
711;Carr, Miss. Jeannie;3;female;37;0;1
712;Carver, Mr. Alfred John;3;male;28;0;0
713;Celotti, Mr. Francesco;3;male;24;0;0
714;Charters, Mr. David;3;male;21;0;0
715;Chip, Mr. Chang;3;male;32;1;0
716;Christmann, Mr. Emil;3;male;29;0;0
717;Chronopoulos, Mr. Apostolos;3;male;26;0;0
718;Chronopoulos, Mr. Demetrios;3;male;18;0;0
719;Coelho, Mr. Domingos Fernandeo;3;male;20;0;0
720;"Cohen, Mr. Gurshon ""Gus""";3;male;18;1;0
721;Colbert, Mr. Patrick;3;male;24;0;0
722;Coleff, Mr. Peju;3;male;36;0;0
723;Coleff, Mr. Satio;3;male;24;0;0
724;Conlon, Mr. Thomas Henry;3;male;31;0;0
725;Connaghton, Mr. Michael;3;male;31;0;0
726;Connolly, Miss. Kate;3;female;22;1;1
727;Connolly, Miss. Kate;3;female;30;0;1
728;Connors, Mr. Patrick;3;male;70.5;0;0
729;Cook, Mr. Jacob;3;male;43;0;0
730;Cor, Mr. Bartol;3;male;35;0;0
731;Cor, Mr. Ivan;3;male;27;0;0
732;Cor, Mr. Liudevit;3;male;19;0;0
733;Corn, Mr. Harry;3;male;30;0;0
734;"Coutts, Master. Eden Leslie ""Neville""";3;male;9;1;0
735;"Coutts, Master. William Loch ""William""";3;male;3;1;0
736;"Coutts, Mrs. William (Winnie ""Minnie"" Treanor)";3;female;36;1;1
737;Coxon, Mr. Daniel;3;male;59;0;0
738;Crease, Mr. Ernest James;3;male;19;0;0
739;Cribb, Miss. Laura Alice;3;female;17;1;1
740;Cribb, Mr. John Hatfield;3;male;44;0;0
741;Culumovic, Mr. Jeso;3;male;17;0;0
742;Daher, Mr. Shedid;3;male;22.5;0;0
743;Dahl, Mr. Karl Edwart;3;male;45;1;0
744;Dahlberg, Miss. Gerda Ulrika;3;female;22;0;1
745;Dakic, Mr. Branko;3;male;19;0;0
746;"Daly, Miss. Margaret Marcella ""Maggie""";3;female;30;1;1
747;Daly, Mr. Eugene Patrick;3;male;29;1;0
748;Danbom, Master. Gilbert Sigvard Emanuel;3;male;0.3333;0;0
749;Danbom, Mr. Ernst Gilbert;3;male;34;0;0
750;Danbom, Mrs. Ernst Gilbert (Anna Sigrid Maria Brogren);3;female;28;0;1
751;Danoff, Mr. Yoto;3;male;27;0;0
752;Dantcheff, Mr. Ristiu;3;male;25;0;0
753;Davies, Mr. Alfred J;3;male;24;0;0
754;Davies, Mr. Evan;3;male;22;0;0
755;Davies, Mr. John Samuel;3;male;21;0;0
756;Davies, Mr. Joseph;3;male;17;0;0
757;Davison, Mr. Thomas Henry;3;male;;0;0
758;Davison, Mrs. Thomas Henry (Mary E Finck);3;female;;1;1
759;de Messemaeker, Mr. Guillaume Joseph;3;male;36.5;1;0
760;de Messemaeker, Mrs. Guillaume Joseph (Emma);3;female;36;1;1
761;de Mulder, Mr. Theodore;3;male;30;1;0
762;de Pelsmaeker, Mr. Alfons;3;male;16;0;0
763;Dean, Master. Bertram Vere;3;male;1;1;0
764;"Dean, Miss. Elizabeth Gladys ""Millvina""";3;female;0.1667;1;1
765;Dean, Mr. Bertram Frank;3;male;26;0;0
766;Dean, Mrs. Bertram (Eva Georgetta Light);3;female;33;1;1
767;Delalic, Mr. Redjo;3;male;25;0;0
768;Demetri, Mr. Marinko;3;male;;0;0
769;Denkoff, Mr. Mitto;3;male;;0;0
770;Dennis, Mr. Samuel;3;male;22;0;0
771;Dennis, Mr. William;3;male;36;0;0
772;Devaney, Miss. Margaret Delia;3;female;19;1;1
773;Dika, Mr. Mirko;3;male;17;0;0
774;Dimic, Mr. Jovan;3;male;42;0;0
775;Dintcheff, Mr. Valtcho;3;male;43;0;0
776;Doharr, Mr. Tannous;3;male;;0;0
777;Dooley, Mr. Patrick;3;male;32;0;0
778;Dorking, Mr. Edward Arthur;3;male;19;1;0
779;Dowdell, Miss. Elizabeth;3;female;30;1;1
780;Doyle, Miss. Elizabeth;3;female;24;0;1
781;Drapkin, Miss. Jennie;3;female;23;1;1
782;Drazenoic, Mr. Jozef;3;male;33;0;0
783;Duane, Mr. Frank;3;male;65;0;0
784;Duquemin, Mr. Joseph;3;male;24;1;0
785;Dyker, Mr. Adolf Fredrik;3;male;23;0;0
786;Dyker, Mrs. Adolf Fredrik (Anna Elisabeth Judith Andersson);3;female;22;1;1
787;Edvardsson, Mr. Gustaf Hjalmar;3;male;18;0;0
788;Eklund, Mr. Hans Linus;3;male;16;0;0
789;Ekstrom, Mr. Johan;3;male;45;0;0
790;Elias, Mr. Dibo;3;male;;0;0
791;Elias, Mr. Joseph;3;male;39;0;0
792;Elias, Mr. Joseph Jr;3;male;17;0;0
793;Elias, Mr. Tannous;3;male;15;0;0
794;Elsbury, Mr. William James;3;male;47;0;0
795;Emanuel, Miss. Virginia Ethel;3;female;5;1;1
796;Emir, Mr. Farred Chehab;3;male;;0;0
797;Everett, Mr. Thomas James;3;male;40.5;0;0
798;Farrell, Mr. James;3;male;40.5;0;0
799;Finoli, Mr. Luigi;3;male;;1;0
800;Fischer, Mr. Eberhard Thelander;3;male;18;0;0
801;Fleming, Miss. Honora;3;female;;0;1
802;Flynn, Mr. James;3;male;;0;0
803;Flynn, Mr. John;3;male;;0;0
804;Foley, Mr. Joseph;3;male;26;0;0
805;Foley, Mr. William;3;male;;0;0
806;Foo, Mr. Choong;3;male;;1;0
807;"Ford, Miss. Doolina Margaret ""Daisy""";3;female;21;0;1
808;"Ford, Miss. Robina Maggie ""Ruby""";3;female;9;0;1
809;Ford, Mr. Arthur;3;male;;0;0
810;Ford, Mr. Edward Watson;3;male;18;0;0
811;Ford, Mr. William Neal;3;male;16;0;0
812;Ford, Mrs. Edward (Margaret Ann Watson);3;female;48;0;1
813;Fox, Mr. Patrick;3;male;;0;0
814;Franklin, Mr. Charles (Charles Fardon);3;male;;0;0
815;Gallagher, Mr. Martin;3;male;25;0;0
816;Garfirth, Mr. John;3;male;;0;0
817;Gheorgheff, Mr. Stanio;3;male;;0;0
818;Gilinski, Mr. Eliezer;3;male;22;0;0
819;"Gilnagh, Miss. Katherine ""Katie""";3;female;16;1;1
820;Glynn, Miss. Mary Agatha;3;female;;1;1
821;"Goldsmith, Master. Frank John William ""Frankie""";3;male;9;1;0
822;Goldsmith, Mr. Frank John;3;male;33;0;0
823;Goldsmith, Mr. Nathan;3;male;41;0;0
824;Goldsmith, Mrs. Frank John (Emily Alice Brown);3;female;31;1;1
825;Goncalves, Mr. Manuel Estanslas;3;male;38;0;0
826;Goodwin, Master. Harold Victor;3;male;9;0;0
827;Goodwin, Master. Sidney Leonard;3;male;1;0;0
828;Goodwin, Master. William Frederick;3;male;11;0;0
829;Goodwin, Miss. Jessie Allis;3;female;10;0;1
830;Goodwin, Miss. Lillian Amy;3;female;16;0;1
831;Goodwin, Mr. Charles Edward;3;male;14;0;0
832;Goodwin, Mr. Charles Frederick;3;male;40;0;0
833;Goodwin, Mrs. Frederick (Augusta Tyler);3;female;43;0;1
834;Green, Mr. George Henry;3;male;51;0;0
835;Gronnestad, Mr. Daniel Danielsen;3;male;32;0;0
836;Guest, Mr. Robert;3;male;;0;0
837;Gustafsson, Mr. Alfred Ossian;3;male;20;0;0
838;Gustafsson, Mr. Anders Vilhelm;3;male;37;0;0
839;Gustafsson, Mr. Johan Birger;3;male;28;0;0
840;Gustafsson, Mr. Karl Gideon;3;male;19;0;0
841;Haas, Miss. Aloisia;3;female;24;0;1
842;Hagardon, Miss. Kate;3;female;17;0;1
843;Hagland, Mr. Ingvald Olai Olsen;3;male;;0;0
844;Hagland, Mr. Konrad Mathias Reiersen;3;male;;0;0
845;Hakkarainen, Mr. Pekka Pietari;3;male;28;0;0
846;Hakkarainen, Mrs. Pekka Pietari (Elin Matilda Dolck);3;female;24;1;1
847;Hampe, Mr. Leon;3;male;20;0;0
848;Hanna, Mr. Mansour;3;male;23.5;0;0
849;Hansen, Mr. Claus Peter;3;male;41;0;0
850;Hansen, Mr. Henrik Juul;3;male;26;0;0
851;Hansen, Mr. Henry Damsgaard;3;male;21;0;0
852;Hansen, Mrs. Claus Peter (Jennie L Howard);3;female;45;1;1
853;Harknett, Miss. Alice Phoebe;3;female;;0;1
854;Harmer, Mr. Abraham (David Lishin);3;male;25;0;0
855;Hart, Mr. Henry;3;male;;0;0
856;Hassan, Mr. Houssein G N;3;male;11;0;0
857;"Healy, Miss. Hanora ""Nora""";3;female;;1;1
858;Hedman, Mr. Oskar Arvid;3;male;27;1;0
859;Hee, Mr. Ling;3;male;;1;0
860;"Hegarty, Miss. Hanora ""Nora""";3;female;18;0;1
861;Heikkinen, Miss. Laina;3;female;26;1;1
862;Heininen, Miss. Wendla Maria;3;female;23;0;1
863;Hellstrom, Miss. Hilda Maria;3;female;22;1;1
864;Hendekovic, Mr. Ignjac;3;male;28;0;0
865;Henriksson, Miss. Jenny Lovisa;3;female;28;0;1
866;Henry, Miss. Delia;3;female;;0;1
867;Hirvonen, Miss. Hildur E;3;female;2;1;1
868;Hirvonen, Mrs. Alexander (Helga E Lindqvist);3;female;22;1;1
869;Holm, Mr. John Fredrik Alexander;3;male;43;0;0
870;Holthen, Mr. Johan Martin;3;male;28;0;0
871;Honkanen, Miss. Eliina;3;female;27;1;1
872;Horgan, Mr. John;3;male;;0;0
873;Howard, Miss. May Elizabeth;3;female;;1;1
874;Humblen, Mr. Adolf Mathias Nicolai Olsen;3;male;42;0;0
875;Hyman, Mr. Abraham;3;male;;1;0
876;Ibrahim Shawah, Mr. Yousseff;3;male;30;0;0
877;Ilieff, Mr. Ylio;3;male;;0;0
878;Ilmakangas, Miss. Ida Livija;3;female;27;0;1
879;Ilmakangas, Miss. Pieta Sofia;3;female;25;0;1
880;Ivanoff, Mr. Kanio;3;male;;0;0
881;Jalsevac, Mr. Ivan;3;male;29;1;0
882;Jansson, Mr. Carl Olof;3;male;21;1;0
883;Jardin, Mr. Jose Neto;3;male;;0;0
884;Jensen, Mr. Hans Peder;3;male;20;0;0
885;Jensen, Mr. Niels Peder;3;male;48;0;0
886;Jensen, Mr. Svend Lauritz;3;male;17;0;0
887;Jermyn, Miss. Annie;3;female;;1;1
888;Johannesen-Bratthammer, Mr. Bernt;3;male;;1;0
889;Johanson, Mr. Jakob Alfred;3;male;34;0;0
890;Johansson Palmquist, Mr. Oskar Leander;3;male;26;1;0
891;Johansson, Mr. Erik;3;male;22;0;0
892;Johansson, Mr. Gustaf Joel;3;male;33;0;0
893;Johansson, Mr. Karl Johan;3;male;31;0;0
894;Johansson, Mr. Nils;3;male;29;0;0
895;Johnson, Master. Harold Theodor;3;male;4;1;0
896;Johnson, Miss. Eleanor Ileen;3;female;1;1;1
897;Johnson, Mr. Alfred;3;male;49;0;0
898;Johnson, Mr. Malkolm Joackim;3;male;33;0;0
899;Johnson, Mr. William Cahoone Jr;3;male;19;0;0
900;Johnson, Mrs. Oscar W (Elisabeth Vilhelmina Berg);3;female;27;1;1
901;"Johnston, Master. William Arthur ""Willie""";3;male;;0;0
902;"Johnston, Miss. Catherine Helen ""Carrie""";3;female;;0;1
903;Johnston, Mr. Andrew G;3;male;;0;0
904;"Johnston, Mrs. Andrew G (Elizabeth ""Lily"" Watson)";3;female;;0;1
905;Jonkoff, Mr. Lalio;3;male;23;0;0
906;Jonsson, Mr. Carl;3;male;32;1;0
907;Jonsson, Mr. Nils Hilding;3;male;27;0;0
908;Jussila, Miss. Katriina;3;female;20;0;1
909;Jussila, Miss. Mari Aina;3;female;21;0;1
910;Jussila, Mr. Eiriik;3;male;32;1;0
911;Kallio, Mr. Nikolai Erland;3;male;17;0;0
912;Kalvik, Mr. Johannes Halvorsen;3;male;21;0;0
913;Karaic, Mr. Milan;3;male;30;0;0
914;Karlsson, Mr. Einar Gervasius;3;male;21;1;0
915;Karlsson, Mr. Julius Konrad Eugen;3;male;33;0;0
916;Karlsson, Mr. Nils August;3;male;22;0;0
917;Karun, Miss. Manca;3;female;4;1;1
918;Karun, Mr. Franz;3;male;39;1;0
919;Kassem, Mr. Fared;3;male;;0;0
920;"Katavelas, Mr. Vassilios (""Catavelas Vassilios"")";3;male;18.5;0;0
921;"Keane, Mr. Andrew ""Andy""";3;male;;0;0
922;Keefe, Mr. Arthur;3;male;;0;0
923;"Kelly, Miss. Anna Katherine ""Annie Kate""";3;female;;1;1
924;Kelly, Miss. Mary;3;female;;1;1
925;Kelly, Mr. James;3;male;34.5;0;0
926;Kelly, Mr. James;3;male;44;0;0
927;Kennedy, Mr. John;3;male;;1;0
928;Khalil, Mr. Betros;3;male;;0;0
929;"Khalil, Mrs. Betros (Zahie ""Maria"" Elias)";3;female;;0;1
930;Kiernan, Mr. John;3;male;;0;0
931;Kiernan, Mr. Philip;3;male;;0;0
932;Kilgannon, Mr. Thomas J;3;male;;0;0
933;Kink, Miss. Maria;3;female;22;0;1
934;Kink, Mr. Vincenz;3;male;26;0;0
935;Kink-Heilmann, Miss. Luise Gretchen;3;female;4;1;1
936;Kink-Heilmann, Mr. Anton;3;male;29;1;0
937;Kink-Heilmann, Mrs. Anton (Luise Heilmann);3;female;26;1;1
938;Klasen, Miss. Gertrud Emilia;3;female;1;0;1
939;Klasen, Mr. Klas Albin;3;male;18;0;0
940;Klasen, Mrs. (Hulda Kristina Eugenia Lofqvist);3;female;36;0;1
941;Kraeff, Mr. Theodor;3;male;;0;0
942;Krekorian, Mr. Neshan;3;male;25;1;0
943;Lahoud, Mr. Sarkis;3;male;;0;0
944;Laitinen, Miss. Kristina Sofia;3;female;37;0;1
945;Laleff, Mr. Kristo;3;male;;0;0
946;Lam, Mr. Ali;3;male;;1;0
947;Lam, Mr. Len;3;male;;0;0
948;Landergren, Miss. Aurora Adelia;3;female;22;1;1
949;Lane, Mr. Patrick;3;male;;0;0
950;Lang, Mr. Fang;3;male;26;1;0
951;Larsson, Mr. August Viktor;3;male;29;0;0
952;Larsson, Mr. Bengt Edvin;3;male;29;0;0
953;Larsson-Rondberg, Mr. Edvard A;3;male;22;0;0
954;"Leeni, Mr. Fahim (""Philip Zenni"")";3;male;22;1;0
955;Lefebre, Master. Henry Forbes;3;male;;0;0
956;Lefebre, Miss. Ida;3;female;;0;1
957;Lefebre, Miss. Jeannie;3;female;;0;1
958;Lefebre, Miss. Mathilde;3;female;;0;1
959;Lefebre, Mrs. Frank (Frances);3;female;;0;1
960;Leinonen, Mr. Antti Gustaf;3;male;32;0;0
961;Lemberopolous, Mr. Peter L;3;male;34.5;0;0
962;Lennon, Miss. Mary;3;female;;0;1
963;Lennon, Mr. Denis;3;male;;0;0
964;Leonard, Mr. Lionel;3;male;36;0;0
965;Lester, Mr. James;3;male;39;0;0
966;Lievens, Mr. Rene Aime;3;male;24;0;0
967;Lindahl, Miss. Agda Thorilda Viktoria;3;female;25;0;1
968;Lindblom, Miss. Augusta Charlotta;3;female;45;0;1
969;Lindell, Mr. Edvard Bengtsson;3;male;36;0;0
970;Lindell, Mrs. Edvard Bengtsson (Elin Gerda Persson);3;female;30;0;1
971;Lindqvist, Mr. Eino William;3;male;20;1;0
972;Linehan, Mr. Michael;3;male;;0;0
973;Ling, Mr. Lee;3;male;28;0;0
974;Lithman, Mr. Simon;3;male;;0;0
975;Lobb, Mr. William Arthur;3;male;30;0;0
976;Lobb, Mrs. William Arthur (Cordelia K Stanlick);3;female;26;0;1
977;Lockyer, Mr. Edward;3;male;;0;0
978;"Lovell, Mr. John Hall (""Henry"")";3;male;20.5;0;0
979;Lulic, Mr. Nikola;3;male;27;1;0
980;Lundahl, Mr. Johan Svensson;3;male;51;0;0
981;Lundin, Miss. Olga Elida;3;female;23;1;1
982;Lundstrom, Mr. Thure Edvin;3;male;32;1;0
983;Lyntakoff, Mr. Stanko;3;male;;0;0
984;MacKay, Mr. George William;3;male;;0;0
985;"Madigan, Miss. Margaret ""Maggie""";3;female;;1;1
986;Madsen, Mr. Fridtjof Arne;3;male;24;1;0
987;Maenpaa, Mr. Matti Alexanteri;3;male;22;0;0
988;Mahon, Miss. Bridget Delia;3;female;;0;1
989;Mahon, Mr. John;3;male;;0;0
990;Maisner, Mr. Simon;3;male;;0;0
991;Makinen, Mr. Kalle Edvard;3;male;29;0;0
992;Mamee, Mr. Hanna;3;male;;1;0
993;Mangan, Miss. Mary;3;female;30.5;0;1
994;Mannion, Miss. Margareth;3;female;;1;1
995;Mardirosian, Mr. Sarkis;3;male;;0;0
996;Markoff, Mr. Marin;3;male;35;0;0
997;Markun, Mr. Johann;3;male;33;0;0
998;Masselmani, Mrs. Fatima;3;female;;1;1
999;Matinoff, Mr. Nicola;3;male;;0;0
1000;"McCarthy, Miss. Catherine ""Katie""";3;female;;1;1
1001;McCormack, Mr. Thomas Joseph;3;male;;1;0
1002;McCoy, Miss. Agnes;3;female;;1;1
1003;McCoy, Miss. Alicia;3;female;;1;1
1004;McCoy, Mr. Bernard;3;male;;1;0
1005;McDermott, Miss. Brigdet Delia;3;female;;1;1
1006;McEvoy, Mr. Michael;3;male;;0;0
1007;McGovern, Miss. Mary;3;female;;1;1
1008;"McGowan, Miss. Anna ""Annie""";3;female;15;1;1
1009;McGowan, Miss. Katherine;3;female;35;0;1
1010;McMahon, Mr. Martin;3;male;;0;0
1011;McNamee, Mr. Neal;3;male;24;0;0
1012;McNamee, Mrs. Neal (Eileen O'Leary);3;female;19;0;1
1013;McNeill, Miss. Bridget;3;female;;0;1
1014;Meanwell, Miss. (Marion Ogden);3;female;;0;1
1015;Meek, Mrs. Thomas (Annie Louise Rowley);3;female;;0;1
1016;Meo, Mr. Alfonzo;3;male;55.5;0;0
1017;Mernagh, Mr. Robert;3;male;;0;0
1018;Midtsjo, Mr. Karl Albert;3;male;21;1;0
1019;Miles, Mr. Frank;3;male;;0;0
1020;Mineff, Mr. Ivan;3;male;24;0;0
1021;Minkoff, Mr. Lazar;3;male;21;0;0
1022;Mionoff, Mr. Stoytcho;3;male;28;0;0
1023;Mitkoff, Mr. Mito;3;male;;0;0
1024;"Mockler, Miss. Helen Mary ""Ellie""";3;female;;1;1
1025;Moen, Mr. Sigurd Hansen;3;male;25;0;0
1026;Moor, Master. Meier;3;male;6;1;0
1027;Moor, Mrs. (Beila);3;female;27;1;1
1028;Moore, Mr. Leonard Charles;3;male;;0;0
1029;Moran, Miss. Bertha;3;female;;1;1
1030;Moran, Mr. Daniel J;3;male;;0;0
1031;Moran, Mr. James;3;male;;0;0
1032;Morley, Mr. William;3;male;34;0;0
1033;Morrow, Mr. Thomas Rowan;3;male;;0;0
1034;Moss, Mr. Albert Johan;3;male;;1;0
1035;Moubarek, Master. Gerios;3;male;;1;0
1036;"Moubarek, Master. Halim Gonios (""William George"")";3;male;;1;0
1037;"Moubarek, Mrs. George (Omine ""Amenia"" Alexander)";3;female;;1;1
1038;Moussa, Mrs. (Mantoura Boulos);3;female;;1;1
1039;Moutal, Mr. Rahamin Haim;3;male;;0;0
1040;"Mullens, Miss. Katherine ""Katie""";3;female;;1;1
1041;Mulvihill, Miss. Bertha E;3;female;24;1;1
1042;Murdlin, Mr. Joseph;3;male;;0;0
1043;"Murphy, Miss. Katherine ""Kate""";3;female;;1;1
1044;Murphy, Miss. Margaret Jane;3;female;;1;1
1045;Murphy, Miss. Nora;3;female;;1;1
1046;Myhrman, Mr. Pehr Fabian Oliver Malkolm;3;male;18;0;0
1047;Naidenoff, Mr. Penko;3;male;22;0;0
1048;"Najib, Miss. Adele Kiamie ""Jane""";3;female;15;1;1
1049;"Nakid, Miss. Maria (""Mary"")";3;female;1;1;1
1050;Nakid, Mr. Sahid;3;male;20;1;0
1051;"Nakid, Mrs. Said (Waika ""Mary"" Mowad)";3;female;19;1;1
1052;Nancarrow, Mr. William Henry;3;male;33;0;0
1053;Nankoff, Mr. Minko;3;male;;0;0
1054;Nasr, Mr. Mustafa;3;male;;0;0
1055;Naughton, Miss. Hannah;3;female;;0;1
1056;Nenkoff, Mr. Christo;3;male;;0;0
1057;Nicola-Yarred, Master. Elias;3;male;12;1;0
1058;Nicola-Yarred, Miss. Jamila;3;female;14;1;1
1059;Nieminen, Miss. Manta Josefina;3;female;29;0;1
1060;Niklasson, Mr. Samuel;3;male;28;0;0
1061;Nilsson, Miss. Berta Olivia;3;female;18;1;1
1062;Nilsson, Miss. Helmina Josefina;3;female;26;1;1
1063;Nilsson, Mr. August Ferdinand;3;male;21;0;0
1064;Nirva, Mr. Iisakki Antino Aijo;3;male;41;0;0
1065;Niskanen, Mr. Juha;3;male;39;1;0
1066;Nosworthy, Mr. Richard Cater;3;male;21;0;0
1067;Novel, Mr. Mansouer;3;male;28.5;0;0
1068;Nysten, Miss. Anna Sofia;3;female;22;1;1
1069;Nysveen, Mr. Johan Hansen;3;male;61;0;0
1070;O'Brien, Mr. Thomas;3;male;;0;0
1071;O'Brien, Mr. Timothy;3;male;;0;0
1072;"O'Brien, Mrs. Thomas (Johanna ""Hannah"" Godfrey)";3;female;;1;1
1073;O'Connell, Mr. Patrick D;3;male;;0;0
1074;O'Connor, Mr. Maurice;3;male;;0;0
1075;O'Connor, Mr. Patrick;3;male;;0;0
1076;Odahl, Mr. Nils Martin;3;male;23;0;0
1077;O'Donoghue, Ms. Bridget;3;female;;0;1
1078;O'Driscoll, Miss. Bridget;3;female;;1;1
1079;"O'Dwyer, Miss. Ellen ""Nellie""";3;female;;1;1
1080;Ohman, Miss. Velin;3;female;22;1;1
1081;O'Keefe, Mr. Patrick;3;male;;1;0
1082;"O'Leary, Miss. Hanora ""Norah""";3;female;;1;1
1083;Olsen, Master. Artur Karl;3;male;9;1;0
1084;Olsen, Mr. Henry Margido;3;male;28;0;0
1085;Olsen, Mr. Karl Siegwart Andreas;3;male;42;0;0
1086;Olsen, Mr. Ole Martin;3;male;;0;0
1087;Olsson, Miss. Elina;3;female;31;0;1
1088;Olsson, Mr. Nils Johan Goransson;3;male;28;0;0
1089;Olsson, Mr. Oscar Wilhelm;3;male;32;1;0
1090;Olsvigen, Mr. Thor Anderson;3;male;20;0;0
1091;Oreskovic, Miss. Jelka;3;female;23;0;1
1092;Oreskovic, Miss. Marija;3;female;20;0;1
1093;Oreskovic, Mr. Luka;3;male;20;0;0
1094;Osen, Mr. Olaf Elon;3;male;16;0;0
1095;Osman, Mrs. Mara;3;female;31;1;1
1096;O'Sullivan, Miss. Bridget Mary;3;female;;0;1
1097;Palsson, Master. Gosta Leonard;3;male;2;0;0
1098;Palsson, Master. Paul Folke;3;male;6;0;0
1099;Palsson, Miss. Stina Viola;3;female;3;0;1
1100;Palsson, Miss. Torborg Danira;3;female;8;0;1
1101;Palsson, Mrs. Nils (Alma Cornelia Berglund);3;female;29;0;1
1102;Panula, Master. Eino Viljami;3;male;1;0;0
1103;Panula, Master. Juha Niilo;3;male;7;0;0
1104;Panula, Master. Urho Abraham;3;male;2;0;0
1105;Panula, Mr. Ernesti Arvid;3;male;16;0;0
1106;Panula, Mr. Jaako Arnold;3;male;14;0;0
1107;Panula, Mrs. Juha (Maria Emilia Ojala);3;female;41;0;1
1108;Pasic, Mr. Jakob;3;male;21;0;0
1109;Patchett, Mr. George;3;male;19;0;0
1110;Paulner, Mr. Uscher;3;male;;0;0
1111;Pavlovic, Mr. Stefo;3;male;32;0;0
1112;Peacock, Master. Alfred Edward;3;male;0.75;0;0
1113;Peacock, Miss. Treasteall;3;female;3;0;1
1114;Peacock, Mrs. Benjamin (Edith Nile);3;female;26;0;1
1115;Pearce, Mr. Ernest;3;male;;0;0
1116;Pedersen, Mr. Olaf;3;male;;0;0
1117;Peduzzi, Mr. Joseph;3;male;;0;0
1118;Pekoniemi, Mr. Edvard;3;male;21;0;0
1119;Peltomaki, Mr. Nikolai Johannes;3;male;25;0;0
1120;Perkin, Mr. John Henry;3;male;22;0;0
1121;Persson, Mr. Ernst Ulrik;3;male;25;1;0
1122;Peter, Master. Michael J;3;male;;1;0
1123;Peter, Miss. Anna;3;female;;1;1
1124;Peter, Mrs. Catherine (Catherine Rizk);3;female;;1;1
1125;Peters, Miss. Katie;3;female;;0;1
1126;Petersen, Mr. Marius;3;male;24;0;0
1127;Petranec, Miss. Matilda;3;female;28;0;1
1128;Petroff, Mr. Nedelio;3;male;19;0;0
1129;"Petroff, Mr. Pastcho (""Pentcho"")";3;male;;0;0
1130;Petterson, Mr. Johan Emil;3;male;25;0;0
1131;Pettersson, Miss. Ellen Natalia;3;female;18;0;1
1132;Pickard, Mr. Berk (Berk Trembisky);3;male;32;1;0
1133;Plotcharsky, Mr. Vasil;3;male;;0;0
1134;Pokrnic, Mr. Mate;3;male;17;0;0
1135;Pokrnic, Mr. Tome;3;male;24;0;0
1136;Radeff, Mr. Alexander;3;male;;0;0
1137;Rasmussen, Mrs. (Lena Jacobsen Solvang);3;female;;0;1
1138;Razi, Mr. Raihed;3;male;;0;0
1139;Reed, Mr. James George;3;male;;0;0
1140;Rekic, Mr. Tido;3;male;38;0;0
1141;Reynolds, Mr. Harold J;3;male;21;0;0
1142;Rice, Master. Albert;3;male;10;0;0
1143;Rice, Master. Arthur;3;male;4;0;0
1144;Rice, Master. Eric;3;male;7;0;0
1145;Rice, Master. Eugene;3;male;2;0;0
1146;Rice, Master. George Hugh;3;male;8;0;0
1147;Rice, Mrs. William (Margaret Norton);3;female;39;0;1
1148;"Riihivouri, Miss. Susanna Juhantytar ""Sanni""";3;female;22;0;1
1149;Rintamaki, Mr. Matti;3;male;35;0;0
1150;"Riordan, Miss. Johanna ""Hannah""";3;female;;1;1
1151;Risien, Mr. Samuel Beard;3;male;;0;0
1152;Risien, Mrs. Samuel (Emma);3;female;;0;1
1153;Robins, Mr. Alexander A;3;male;50;0;0
1154;Robins, Mrs. Alexander A (Grace Charity Laury);3;female;47;0;1
1155;Rogers, Mr. William John;3;male;;0;0
1156;Rommetvedt, Mr. Knud Paust;3;male;;0;0
1157;Rosblom, Miss. Salli Helena;3;female;2;0;1
1158;Rosblom, Mr. Viktor Richard;3;male;18;0;0
1159;Rosblom, Mrs. Viktor (Helena Wilhelmina);3;female;41;0;1
1160;Roth, Miss. Sarah A;3;female;;1;1
1161;Rouse, Mr. Richard Henry;3;male;50;0;0
1162;Rush, Mr. Alfred George John;3;male;16;0;0
1163;Ryan, Mr. Edward;3;male;;1;0
1164;Ryan, Mr. Patrick;3;male;;0;0
1165;Saad, Mr. Amin;3;male;;0;0
1166;Saad, Mr. Khalil;3;male;25;0;0
1167;Saade, Mr. Jean Nassr;3;male;;0;0
1168;Sadlier, Mr. Matthew;3;male;;0;0
1169;Sadowitz, Mr. Harry;3;male;;0;0
1170;Saether, Mr. Simon Sivertsen;3;male;38.5;0;0
1171;Sage, Master. Thomas Henry;3;male;;0;0
1172;Sage, Master. William Henry;3;male;14.5;0;0
1173;Sage, Miss. Ada;3;female;;0;1
1174;Sage, Miss. Constance Gladys;3;female;;0;1
1175;"Sage, Miss. Dorothy Edith ""Dolly""";3;female;;0;1
1176;Sage, Miss. Stella Anna;3;female;;0;1
1177;Sage, Mr. Douglas Bullen;3;male;;0;0
1178;Sage, Mr. Frederick;3;male;;0;0
1179;Sage, Mr. George John Jr;3;male;;0;0
1180;Sage, Mr. John George;3;male;;0;0
1181;Sage, Mrs. John (Annie Bullen);3;female;;0;1
1182;Salander, Mr. Karl Johan;3;male;24;0;0
1183;Salkjelsvik, Miss. Anna Kristine;3;female;21;1;1
1184;Salonen, Mr. Johan Werner;3;male;39;0;0
1185;Samaan, Mr. Elias;3;male;;0;0
1186;Samaan, Mr. Hanna;3;male;;0;0
1187;Samaan, Mr. Youssef;3;male;;0;0
1188;Sandstrom, Miss. Beatrice Irene;3;female;1;1;1
1189;Sandstrom, Mrs. Hjalmar (Agnes Charlotta Bengtsson);3;female;24;1;1
1190;Sandstrom, Miss. Marguerite Rut;3;female;4;1;1
1191;Sap, Mr. Julius;3;male;25;1;0
1192;Saundercock, Mr. William Henry;3;male;20;0;0
1193;Sawyer, Mr. Frederick Charles;3;male;24.5;0;0
1194;Scanlan, Mr. James;3;male;;0;0
1195;Sdycoff, Mr. Todor;3;male;;0;0
1196;Shaughnessy, Mr. Patrick;3;male;;0;0
1197;Sheerlinck, Mr. Jan Baptist;3;male;29;1;0
1198;Shellard, Mr. Frederick William;3;male;;0;0
1199;Shine, Miss. Ellen Natalia;3;female;;1;1
1200;Shorney, Mr. Charles Joseph;3;male;;0;0
1201;Simmons, Mr. John;3;male;;0;0
1202;Sirayanian, Mr. Orsen;3;male;22;0;0
1203;Sirota, Mr. Maurice;3;male;;0;0
1204;Sivic, Mr. Husein;3;male;40;0;0
1205;Sivola, Mr. Antti Wilhelm;3;male;21;0;0
1206;Sjoblom, Miss. Anna Sofia;3;female;18;1;1
1207;Skoog, Master. Harald;3;male;4;0;0
1208;Skoog, Master. Karl Thorsten;3;male;10;0;0
1209;Skoog, Miss. Mabel;3;female;9;0;1
1210;Skoog, Miss. Margit Elizabeth;3;female;2;0;1
1211;Skoog, Mr. Wilhelm;3;male;40;0;0
1212;Skoog, Mrs. William (Anna Bernhardina Karlsson);3;female;45;0;1
1213;Slabenoff, Mr. Petco;3;male;;0;0
1214;Slocovski, Mr. Selman Francis;3;male;;0;0
1215;Smiljanic, Mr. Mile;3;male;;0;0
1216;Smith, Mr. Thomas;3;male;;0;0
1217;Smyth, Miss. Julia;3;female;;1;1
1218;Soholt, Mr. Peter Andreas Lauritz Andersen;3;male;19;0;0
1219;Somerton, Mr. Francis William;3;male;30;0;0
1220;Spector, Mr. Woolf;3;male;;0;0
1221;Spinner, Mr. Henry John;3;male;32;0;0
1222;Staneff, Mr. Ivan;3;male;;0;0
1223;Stankovic, Mr. Ivan;3;male;33;0;0
1224;Stanley, Miss. Amy Zillah Elsie;3;female;23;1;1
1225;Stanley, Mr. Edward Roland;3;male;21;0;0
1226;Storey, Mr. Thomas;3;male;60.5;0;0
1227;Stoytcheff, Mr. Ilia;3;male;19;0;0
1228;Strandberg, Miss. Ida Sofia;3;female;22;0;1
1229;Stranden, Mr. Juho;3;male;31;1;0
1230;Strilic, Mr. Ivan;3;male;27;0;0
1231;Strom, Miss. Telma Matilda;3;female;2;0;1
1232;Strom, Mrs. Wilhelm (Elna Matilda Persson);3;female;29;0;1
1233;Sunderland, Mr. Victor Francis;3;male;16;1;0
1234;Sundman, Mr. Johan Julian;3;male;44;1;0
1235;Sutehall, Mr. Henry Jr;3;male;25;0;0
1236;Svensson, Mr. Johan;3;male;74;0;0
1237;Svensson, Mr. Johan Cervin;3;male;14;1;0
1238;Svensson, Mr. Olof;3;male;24;0;0
1239;Tenglin, Mr. Gunnar Isidor;3;male;25;1;0
1240;Theobald, Mr. Thomas Leonard;3;male;34;0;0
1241;Thomas, Master. Assad Alexander;3;male;0.4167;1;0
1242;Thomas, Mr. Charles P;3;male;;0;0
1243;Thomas, Mr. John;3;male;;0;0
1244;Thomas, Mr. Tannous;3;male;;0;0
1245;"Thomas, Mrs. Alexander (Thamine ""Thelma"")";3;female;16;1;1
1246;Thomson, Mr. Alexander Morrison;3;male;;0;0
1247;Thorneycroft, Mr. Percival;3;male;;0;0
1248;Thorneycroft, Mrs. Percival (Florence Kate White);3;female;;1;1
1249;Tikkanen, Mr. Juho;3;male;32;0;0
1250;Tobin, Mr. Roger;3;male;;0;0
1251;Todoroff, Mr. Lalio;3;male;;0;0
1252;Tomlin, Mr. Ernest Portage;3;male;30.5;0;0
1253;Torber, Mr. Ernst William;3;male;44;0;0
1254;Torfa, Mr. Assad;3;male;;0;0
1255;Tornquist, Mr. William Henry;3;male;25;1;0
1256;Toufik, Mr. Nakli;3;male;;0;0
1257;Touma, Master. Georges Youssef;3;male;7;1;0
1258;Touma, Miss. Maria Youssef;3;female;9;1;1
1259;Touma, Mrs. Darwis (Hanne Youssef Razi);3;female;29;1;1
1260;Turcin, Mr. Stjepan;3;male;36;0;0
1261;Turja, Miss. Anna Sofia;3;female;18;1;1
1262;Turkula, Mrs. (Hedwig);3;female;63;1;1
1263;van Billiard, Master. James William;3;male;;0;0
1264;van Billiard, Master. Walter John;3;male;11.5;0;0
1265;van Billiard, Mr. Austin Blyler;3;male;40.5;0;0
1266;Van Impe, Miss. Catharina;3;female;10;0;1
1267;Van Impe, Mr. Jean Baptiste;3;male;36;0;0
1268;Van Impe, Mrs. Jean Baptiste (Rosalie Paula Govaert);3;female;30;0;1
1269;van Melkebeke, Mr. Philemon;3;male;;0;0
1270;Vande Velde, Mr. Johannes Joseph;3;male;33;0;0
1271;Vande Walle, Mr. Nestor Cyriel;3;male;28;0;0
1272;Vanden Steen, Mr. Leo Peter;3;male;28;0;0
1273;Vander Cruyssen, Mr. Victor;3;male;47;0;0
1274;Vander Planke, Miss. Augusta Maria;3;female;18;0;1
1275;Vander Planke, Mr. Julius;3;male;31;0;0
1276;Vander Planke, Mr. Leo Edmondus;3;male;16;0;0
1277;Vander Planke, Mrs. Julius (Emelia Maria Vandemoortele);3;female;31;0;1
1278;Vartanian, Mr. David;3;male;22;1;0
1279;Vendel, Mr. Olof Edvin;3;male;20;0;0
1280;Vestrom, Miss. Hulda Amanda Adolfina;3;female;14;0;1
1281;Vovk, Mr. Janko;3;male;22;0;0
1282;Waelens, Mr. Achille;3;male;22;0;0
1283;Ware, Mr. Frederick;3;male;;0;0
1284;Warren, Mr. Charles William;3;male;;0;0
1285;Webber, Mr. James;3;male;;0;0
1286;Wenzel, Mr. Linhart;3;male;32.5;0;0
1287;Whabee, Mrs. George Joseph (Shawneene Abi-Saab);3;female;38;1;1
1288;Widegren, Mr. Carl/Charles Peter;3;male;51;0;0
1289;Wiklund, Mr. Jakob Alfred;3;male;18;0;0
1290;Wiklund, Mr. Karl Johan;3;male;21;0;0
1291;Wilkes, Mrs. James (Ellen Needs);3;female;47;1;1
1292;"Willer, Mr. Aaron (""Abi Weller"")";3;male;;0;0
1293;Willey, Mr. Edward;3;male;;0;0
1294;"Williams, Mr. Howard Hugh ""Harry""";3;male;;0;0
1295;Williams, Mr. Leslie;3;male;28.5;0;0
1296;Windelov, Mr. Einar;3;male;21;0;0
1297;Wirz, Mr. Albert;3;male;27;0;0
1298;Wiseman, Mr. Phillippe;3;male;;0;0
1299;Wittevrongel, Mr. Camille;3;male;36;0;0
1300;Yasbeck, Mr. Antoni;3;male;27;0;0
1301;Yasbeck, Mrs. Antoni (Selini Alexander);3;female;15;1;1
1302;Youseff, Mr. Gerious;3;male;45.5;0;0
1303;Yousif, Mr. Wazli;3;male;;0;0
1304;Yousseff, Mr. Gerious;3;male;;0;0
1305;Zabour, Miss. Hileni;3;female;14.5;0;1
1306;Zabour, Miss. Thamine;3;female;;0;1
1307;Zakarian, Mr. Mapriededer;3;male;26.5;0;0
1308;Zakarian, Mr. Ortin;3;male;27;0;0
1309;Zimmerman, Mr. Leo;3;male;29;0;0
;;;;;;
